stim_folder,wav_file,pred_original,pred_metamer,match_distance,metamer_wav
0_stim102_crumpling_paper_orig_splits,0_stim102_crumpling_paper_orig_01_04.wav,,,0.036066,/orcd/home/002/aimeeyu/mms_project/model_metamers_pytorch/results/av_grid_sweeps/iter500_step0p01_initnoise_gl32_seed0_eps1000p0/0_stim102_crumpling_paper_orig_splits/0_stim102_crumpling_paper_orig_01_04/metamer_audio.wav
0_stim102_crumpling_paper_orig_splits,0_stim102_crumpling_paper_orig_04_07.wav,,,0.037200,/orcd/home/002/aimeeyu/mms_project/model_metamers_pytorch/results/av_grid_sweeps/iter500_step0p01_initnoise_gl32_seed0_eps1000p0/0_stim102_crumpling_paper_orig_splits/0_stim102_crumpling_paper_orig_04_07/metamer_audio.wav
0_stim102_crumpling_paper_orig_splits,0_stim102_crumpling_paper_orig_07_10.wav,,,0.041024,/orcd/home/002/aimeeyu/mms_project/model_metamers_pytorch/results/av_grid_sweeps/iter500_step0p01_initnoise_gl32_seed0_eps1000p0/0_stim102_crumpling_paper_orig_splits/0_stim102_crumpling_paper_orig_07_10/metamer_audio.wav
1_stim11_baby_crying_orig_splits,1_stim11_baby_crying_orig_01_04.wav, WHAWHA,O ,0.182511,/orcd/home/002/aimeeyu/mms_project/model_metamers_pytorch/results/av_grid_sweeps/iter500_step0p01_initnoise_gl32_seed0_eps1000p0/1_stim11_baby_crying_orig_splits/1_stim11_baby_crying_orig_01_04/metamer_audio.wav
1_stim11_baby_crying_orig_splits,1_stim11_baby_crying_orig_04_07.wav,THTH, I,0.206450,/orcd/home/002/aimeeyu/mms_project/model_metamers_pytorch/results/av_grid_sweeps/iter500_step0p01_initnoise_gl32_seed0_eps1000p0/1_stim11_baby_crying_orig_splits/1_stim11_baby_crying_orig_04_07/metamer_audio.wav
1_stim11_baby_crying_orig_splits,1_stim11_baby_crying_orig_07_10.wav,, II ,0.183386,/orcd/home/002/aimeeyu/mms_project/model_metamers_pytorch/results/av_grid_sweeps/iter500_step0p01_initnoise_gl32_seed0_eps1000p0/1_stim11_baby_crying_orig_splits/1_stim11_baby_crying_orig_07_10/metamer_audio.wav
2_stim150_finger_tapping_orig_splits,2_stim150_finger_tapping_orig_01_04.wav,,,0.034541,/orcd/home/002/aimeeyu/mms_project/model_metamers_pytorch/results/av_grid_sweeps/iter500_step0p01_initnoise_gl32_seed0_eps1000p0/2_stim150_finger_tapping_orig_splits/2_stim150_finger_tapping_orig_01_04/metamer_audio.wav
2_stim150_finger_tapping_orig_splits,2_stim150_finger_tapping_orig_04_07.wav,,,0.040520,/orcd/home/002/aimeeyu/mms_project/model_metamers_pytorch/results/av_grid_sweeps/iter500_step0p01_initnoise_gl32_seed0_eps1000p0/2_stim150_finger_tapping_orig_splits/2_stim150_finger_tapping_orig_04_07/metamer_audio.wav
2_stim150_finger_tapping_orig_splits,2_stim150_finger_tapping_orig_07_10.wav,,,0.034305,/orcd/home/002/aimeeyu/mms_project/model_metamers_pytorch/results/av_grid_sweeps/iter500_step0p01_initnoise_gl32_seed0_eps1000p0/2_stim150_finger_tapping_orig_splits/2_stim150_finger_tapping_orig_07_10/metamer_audio.wav
3_stim211_keys_jingling_orig_splits,3_stim211_keys_jingling_orig_01_04.wav,,,0.041674,/orcd/home/002/aimeeyu/mms_project/model_metamers_pytorch/results/av_grid_sweeps/iter500_step0p01_initnoise_gl32_seed0_eps1000p0/3_stim211_keys_jingling_orig_splits/3_stim211_keys_jingling_orig_01_04/metamer_audio.wav
3_stim211_keys_jingling_orig_splits,3_stim211_keys_jingling_orig_04_07.wav,,,0.043360,/orcd/home/002/aimeeyu/mms_project/model_metamers_pytorch/results/av_grid_sweeps/iter500_step0p01_initnoise_gl32_seed0_eps1000p0/3_stim211_keys_jingling_orig_splits/3_stim211_keys_jingling_orig_04_07/metamer_audio.wav
3_stim211_keys_jingling_orig_splits,3_stim211_keys_jingling_orig_07_10.wav,O,,0.043178,/orcd/home/002/aimeeyu/mms_project/model_metamers_pytorch/results/av_grid_sweeps/iter500_step0p01_initnoise_gl32_seed0_eps1000p0/3_stim211_keys_jingling_orig_splits/3_stim211_keys_jingling_orig_07_10/metamer_audio.wav
4_stim224_walking_on_leaves_orig_splits,4_stim224_walking_on_leaves_orig_01_04.wav,,,0.035402,/orcd/home/002/aimeeyu/mms_project/model_metamers_pytorch/results/av_grid_sweeps/iter500_step0p01_initnoise_gl32_seed0_eps1000p0/4_stim224_walking_on_leaves_orig_splits/4_stim224_walking_on_leaves_orig_01_04/metamer_audio.wav
4_stim224_walking_on_leaves_orig_splits,4_stim224_walking_on_leaves_orig_04_07.wav,,,0.027326,/orcd/home/002/aimeeyu/mms_project/model_metamers_pytorch/results/av_grid_sweeps/iter500_step0p01_initnoise_gl32_seed0_eps1000p0/4_stim224_walking_on_leaves_orig_splits/4_stim224_walking_on_leaves_orig_04_07/metamer_audio.wav
4_stim224_walking_on_leaves_orig_splits,4_stim224_walking_on_leaves_orig_07_10.wav,O,THI HI TH,0.028257,/orcd/home/002/aimeeyu/mms_project/model_metamers_pytorch/results/av_grid_sweeps/iter500_step0p01_initnoise_gl32_seed0_eps1000p0/4_stim224_walking_on_leaves_orig_splits/4_stim224_walking_on_leaves_orig_07_10/metamer_audio.wav
5_stim232_man_speaking_orig_splits,5_stim232_man_speaking_orig_01_04.wav,AN NEVER REALLY KNOW FOR TODAY,N THERE  REALLY KNOW FOR THEDAY,0.161933,/orcd/home/002/aimeeyu/mms_project/model_metamers_pytorch/results/av_grid_sweeps/iter500_step0p01_initnoise_gl32_seed0_eps1000p0/5_stim232_man_speaking_orig_splits/5_stim232_man_speaking_orig_01_04/metamer_audio.wav
5_stim232_man_speaking_orig_splits,5_stim232_man_speaking_orig_04_07.wav,GOING TO TEACH YOU A FEW HOOLE THINGS ABOUT HIM,GOING TO TEE YOU WTH THINGS ABOUT THEM,0.169849,/orcd/home/002/aimeeyu/mms_project/model_metamers_pytorch/results/av_grid_sweeps/iter500_step0p01_initnoise_gl32_seed0_eps1000p0/5_stim232_man_speaking_orig_splits/5_stim232_man_speaking_orig_04_07/metamer_audio.wav
5_stim232_man_speaking_orig_splits,5_stim232_man_speaking_orig_07_10.wav,YOU CAN GET MORE OUT HIS BOOKS I AN FEEL SMARL,YOU CAN GET MOREI AM FEEL SMOR,0.151934,/orcd/home/002/aimeeyu/mms_project/model_metamers_pytorch/results/av_grid_sweeps/iter500_step0p01_initnoise_gl32_seed0_eps1000p0/5_stim232_man_speaking_orig_splits/5_stim232_man_speaking_orig_07_10/metamer_audio.wav
6_stim254_orchestra_music_orig_splits,6_stim254_orchestra_music_orig_01_04.wav,TO  O O O,I ,0.130998,/orcd/home/002/aimeeyu/mms_project/model_metamers_pytorch/results/av_grid_sweeps/iter500_step0p01_initnoise_gl32_seed0_eps1000p0/6_stim254_orchestra_music_orig_splits/6_stim254_orchestra_music_orig_01_04/metamer_audio.wav
6_stim254_orchestra_music_orig_splits,6_stim254_orchestra_music_orig_04_07.wav,OU OOW, I TA E TI,0.125430,/orcd/home/002/aimeeyu/mms_project/model_metamers_pytorch/results/av_grid_sweeps/iter500_step0p01_initnoise_gl32_seed0_eps1000p0/6_stim254_orchestra_music_orig_splits/6_stim254_orchestra_music_orig_04_07/metamer_audio.wav
6_stim254_orchestra_music_orig_splits,6_stim254_orchestra_music_orig_07_10.wav,O,I I I ,0.124266,/orcd/home/002/aimeeyu/mms_project/model_metamers_pytorch/results/av_grid_sweeps/iter500_step0p01_initnoise_gl32_seed0_eps1000p0/6_stim254_orchestra_music_orig_splits/6_stim254_orchestra_music_orig_07_10/metamer_audio.wav
7_stim268_piano_orig_splits,7_stim268_piano_orig_01_04.wav,HOU O O THOW,TI  THI,0.161737,/orcd/home/002/aimeeyu/mms_project/model_metamers_pytorch/results/av_grid_sweeps/iter500_step0p01_initnoise_gl32_seed0_eps1000p0/7_stim268_piano_orig_splits/7_stim268_piano_orig_01_04/metamer_audio.wav
7_stim268_piano_orig_splits,7_stim268_piano_orig_04_07.wav, THER,,0.153622,/orcd/home/002/aimeeyu/mms_project/model_metamers_pytorch/results/av_grid_sweeps/iter500_step0p01_initnoise_gl32_seed0_eps1000p0/7_stim268_piano_orig_splits/7_stim268_piano_orig_04_07/metamer_audio.wav
7_stim268_piano_orig_splits,7_stim268_piano_orig_07_10.wav,THOHO HO,,0.173259,/orcd/home/002/aimeeyu/mms_project/model_metamers_pytorch/results/av_grid_sweeps/iter500_step0p01_initnoise_gl32_seed0_eps1000p0/7_stim268_piano_orig_splits/7_stim268_piano_orig_07_10/metamer_audio.wav
8_stim283_contemporary_rb_orig_splits,8_stim283_contemporary_rb_orig_01_04.wav,WHER YOU WEAR IT,,0.190597,/orcd/home/002/aimeeyu/mms_project/model_metamers_pytorch/results/av_grid_sweeps/iter500_step0p01_initnoise_gl32_seed0_eps1000p0/8_stim283_contemporary_rb_orig_splits/8_stim283_contemporary_rb_orig_01_04/metamer_audio.wav
8_stim283_contemporary_rb_orig_splits,8_stim283_contemporary_rb_orig_04_07.wav,DONTO WA TAR FOR ME,N WORRY,0.200609,/orcd/home/002/aimeeyu/mms_project/model_metamers_pytorch/results/av_grid_sweeps/iter500_step0p01_initnoise_gl32_seed0_eps1000p0/8_stim283_contemporary_rb_orig_splits/8_stim283_contemporary_rb_orig_04_07/metamer_audio.wav
8_stim283_contemporary_rb_orig_splits,8_stim283_contemporary_rb_orig_07_10.wav,HE SOR YOU JUST WORT,ES SO I T,0.190649,/orcd/home/002/aimeeyu/mms_project/model_metamers_pytorch/results/av_grid_sweeps/iter500_step0p01_initnoise_gl32_seed0_eps1000p0/8_stim283_contemporary_rb_orig_splits/8_stim283_contemporary_rb_orig_07_10/metamer_audio.wav
9_stim28_big_band_music_orig_splits,9_stim28_big_band_music_orig_01_04.wav,,,0.102270,/orcd/home/002/aimeeyu/mms_project/model_metamers_pytorch/results/av_grid_sweeps/iter500_step0p01_initnoise_gl32_seed0_eps1000p0/9_stim28_big_band_music_orig_splits/9_stim28_big_band_music_orig_01_04/metamer_audio.wav
9_stim28_big_band_music_orig_splits,9_stim28_big_band_music_orig_04_07.wav,OO,I IN ,0.132782,/orcd/home/002/aimeeyu/mms_project/model_metamers_pytorch/results/av_grid_sweeps/iter500_step0p01_initnoise_gl32_seed0_eps1000p0/9_stim28_big_band_music_orig_splits/9_stim28_big_band_music_orig_04_07/metamer_audio.wav
9_stim28_big_band_music_orig_splits,9_stim28_big_band_music_orig_07_10.wav,O, WI,0.098094,/orcd/home/002/aimeeyu/mms_project/model_metamers_pytorch/results/av_grid_sweeps/iter500_step0p01_initnoise_gl32_seed0_eps1000p0/9_stim28_big_band_music_orig_splits/9_stim28_big_band_music_orig_07_10/metamer_audio.wav
10_stim29_biting_and_chewing_orig_splits,10_stim29_biting_and_chewing_orig_01_04.wav,,EE IT,0.048321,/orcd/home/002/aimeeyu/mms_project/model_metamers_pytorch/results/av_grid_sweeps/iter500_step0p01_initnoise_gl32_seed0_eps1000p0/10_stim29_biting_and_chewing_orig_splits/10_stim29_biting_and_chewing_orig_01_04/metamer_audio.wav
10_stim29_biting_and_chewing_orig_splits,10_stim29_biting_and_chewing_orig_04_07.wav,,,0.032174,/orcd/home/002/aimeeyu/mms_project/model_metamers_pytorch/results/av_grid_sweeps/iter500_step0p01_initnoise_gl32_seed0_eps1000p0/10_stim29_biting_and_chewing_orig_splits/10_stim29_biting_and_chewing_orig_04_07/metamer_audio.wav
10_stim29_biting_and_chewing_orig_splits,10_stim29_biting_and_chewing_orig_07_10.wav,OU,I,0.040479,/orcd/home/002/aimeeyu/mms_project/model_metamers_pytorch/results/av_grid_sweeps/iter500_step0p01_initnoise_gl32_seed0_eps1000p0/10_stim29_biting_and_chewing_orig_splits/10_stim29_biting_and_chewing_orig_07_10/metamer_audio.wav
11_stim315_saxophone_jazz_solo_orig_splits,11_stim315_saxophone_jazz_solo_orig_01_04.wav, THE,,0.129663,/orcd/home/002/aimeeyu/mms_project/model_metamers_pytorch/results/av_grid_sweeps/iter500_step0p01_initnoise_gl32_seed0_eps1000p0/11_stim315_saxophone_jazz_solo_orig_splits/11_stim315_saxophone_jazz_solo_orig_01_04/metamer_audio.wav
11_stim315_saxophone_jazz_solo_orig_splits,11_stim315_saxophone_jazz_solo_orig_04_07.wav, IR KO , I I ,0.126081,/orcd/home/002/aimeeyu/mms_project/model_metamers_pytorch/results/av_grid_sweeps/iter500_step0p01_initnoise_gl32_seed0_eps1000p0/11_stim315_saxophone_jazz_solo_orig_splits/11_stim315_saxophone_jazz_solo_orig_04_07/metamer_audio.wav
11_stim315_saxophone_jazz_solo_orig_splits,11_stim315_saxophone_jazz_solo_orig_07_10.wav,,,0.095869,/orcd/home/002/aimeeyu/mms_project/model_metamers_pytorch/results/av_grid_sweeps/iter500_step0p01_initnoise_gl32_seed0_eps1000p0/11_stim315_saxophone_jazz_solo_orig_splits/11_stim315_saxophone_jazz_solo_orig_07_10/metamer_audio.wav
12_stim320_scratching_orig_splits,12_stim320_scratching_orig_01_04.wav,,,0.036063,/orcd/home/002/aimeeyu/mms_project/model_metamers_pytorch/results/av_grid_sweeps/iter500_step0p01_initnoise_gl32_seed0_eps1000p0/12_stim320_scratching_orig_splits/12_stim320_scratching_orig_01_04/metamer_audio.wav
12_stim320_scratching_orig_splits,12_stim320_scratching_orig_04_07.wav,TI I I ,,0.065455,/orcd/home/002/aimeeyu/mms_project/model_metamers_pytorch/results/av_grid_sweeps/iter500_step0p01_initnoise_gl32_seed0_eps1000p0/12_stim320_scratching_orig_splits/12_stim320_scratching_orig_04_07/metamer_audio.wav
12_stim320_scratching_orig_splits,12_stim320_scratching_orig_07_10.wav,,,0.062450,/orcd/home/002/aimeeyu/mms_project/model_metamers_pytorch/results/av_grid_sweeps/iter500_step0p01_initnoise_gl32_seed0_eps1000p0/12_stim320_scratching_orig_splits/12_stim320_scratching_orig_07_10/metamer_audio.wav
13_stim337_siren_orig_splits,13_stim337_siren_orig_01_04.wav,AOO THE,,0.272428,/orcd/home/002/aimeeyu/mms_project/model_metamers_pytorch/results/av_grid_sweeps/iter500_step0p01_initnoise_gl32_seed0_eps1000p0/13_stim337_siren_orig_splits/13_stim337_siren_orig_01_04/metamer_audio.wav
13_stim337_siren_orig_splits,13_stim337_siren_orig_04_07.wav,OO,,0.295097,/orcd/home/002/aimeeyu/mms_project/model_metamers_pytorch/results/av_grid_sweeps/iter500_step0p01_initnoise_gl32_seed0_eps1000p0/13_stim337_siren_orig_splits/13_stim337_siren_orig_04_07/metamer_audio.wav
13_stim337_siren_orig_splits,13_stim337_siren_orig_07_10.wav,OOOOOOO,,0.275328,/orcd/home/002/aimeeyu/mms_project/model_metamers_pytorch/results/av_grid_sweeps/iter500_step0p01_initnoise_gl32_seed0_eps1000p0/13_stim337_siren_orig_splits/13_stim337_siren_orig_07_10/metamer_audio.wav
14_stim33_bluegrass_orig_splits,14_stim33_bluegrass_orig_01_04.wav, TE E, ,0.140522,/orcd/home/002/aimeeyu/mms_project/model_metamers_pytorch/results/av_grid_sweeps/iter500_step0p01_initnoise_gl32_seed0_eps1000p0/14_stim33_bluegrass_orig_splits/14_stim33_bluegrass_orig_01_04/metamer_audio.wav
14_stim33_bluegrass_orig_splits,14_stim33_bluegrass_orig_04_07.wav, THE  , I,0.148342,/orcd/home/002/aimeeyu/mms_project/model_metamers_pytorch/results/av_grid_sweeps/iter500_step0p01_initnoise_gl32_seed0_eps1000p0/14_stim33_bluegrass_orig_splits/14_stim33_bluegrass_orig_04_07/metamer_audio.wav
14_stim33_bluegrass_orig_splits,14_stim33_bluegrass_orig_07_10.wav,E , ,0.117353,/orcd/home/002/aimeeyu/mms_project/model_metamers_pytorch/results/av_grid_sweeps/iter500_step0p01_initnoise_gl32_seed0_eps1000p0/14_stim33_bluegrass_orig_splits/14_stim33_bluegrass_orig_07_10/metamer_audio.wav
15_stim387_typing_orig_splits,15_stim387_typing_orig_01_04.wav,OO,OO WO MO  TOTH,0.054195,/orcd/home/002/aimeeyu/mms_project/model_metamers_pytorch/results/av_grid_sweeps/iter500_step0p01_initnoise_gl32_seed0_eps1000p0/15_stim387_typing_orig_splits/15_stim387_typing_orig_01_04/metamer_audio.wav
15_stim387_typing_orig_splits,15_stim387_typing_orig_04_07.wav,OU O ,  W EE O WA I WI,0.070032,/orcd/home/002/aimeeyu/mms_project/model_metamers_pytorch/results/av_grid_sweeps/iter500_step0p01_initnoise_gl32_seed0_eps1000p0/15_stim387_typing_orig_splits/15_stim387_typing_orig_04_07/metamer_audio.wav
15_stim387_typing_orig_splits,15_stim387_typing_orig_07_10.wav,OU,WIHE WOWENI O,0.057616,/orcd/home/002/aimeeyu/mms_project/model_metamers_pytorch/results/av_grid_sweeps/iter500_step0p01_initnoise_gl32_seed0_eps1000p0/15_stim387_typing_orig_splits/15_stim387_typing_orig_07_10/metamer_audio.wav
16_stim394_violin_orig_splits,16_stim394_violin_orig_01_04.wav,,  ,0.126492,/orcd/home/002/aimeeyu/mms_project/model_metamers_pytorch/results/av_grid_sweeps/iter500_step0p01_initnoise_gl32_seed0_eps1000p0/16_stim394_violin_orig_splits/16_stim394_violin_orig_01_04/metamer_audio.wav
16_stim394_violin_orig_splits,16_stim394_violin_orig_04_07.wav,WHO WHEH WHO,AN HE E ,0.158791,/orcd/home/002/aimeeyu/mms_project/model_metamers_pytorch/results/av_grid_sweeps/iter500_step0p01_initnoise_gl32_seed0_eps1000p0/16_stim394_violin_orig_splits/16_stim394_violin_orig_04_07/metamer_audio.wav
16_stim394_violin_orig_splits,16_stim394_violin_orig_07_10.wav,HOE,,0.108515,/orcd/home/002/aimeeyu/mms_project/model_metamers_pytorch/results/av_grid_sweeps/iter500_step0p01_initnoise_gl32_seed0_eps1000p0/16_stim394_violin_orig_splits/16_stim394_violin_orig_07_10/metamer_audio.wav
17_stim401_walking_with_heels_orig_splits,17_stim401_walking_with_heels_orig_01_04.wav,, WHAT A,0.032412,/orcd/home/002/aimeeyu/mms_project/model_metamers_pytorch/results/av_grid_sweeps/iter500_step0p01_initnoise_gl32_seed0_eps1000p0/17_stim401_walking_with_heels_orig_splits/17_stim401_walking_with_heels_orig_01_04/metamer_audio.wav
17_stim401_walking_with_heels_orig_splits,17_stim401_walking_with_heels_orig_04_07.wav,,,0.025276,/orcd/home/002/aimeeyu/mms_project/model_metamers_pytorch/results/av_grid_sweeps/iter500_step0p01_initnoise_gl32_seed0_eps1000p0/17_stim401_walking_with_heels_orig_splits/17_stim401_walking_with_heels_orig_04_07/metamer_audio.wav
17_stim401_walking_with_heels_orig_splits,17_stim401_walking_with_heels_orig_07_10.wav,, H,0.026312,/orcd/home/002/aimeeyu/mms_project/model_metamers_pytorch/results/av_grid_sweeps/iter500_step0p01_initnoise_gl32_seed0_eps1000p0/17_stim401_walking_with_heels_orig_splits/17_stim401_walking_with_heels_orig_07_10/metamer_audio.wav
18_stim414_woman_speaking_orig_splits,18_stim414_woman_speaking_orig_01_04.wav,TA TIME WALKE TO THE PAST AS WHELL WAS INSIDE,THE TIME WAT THE PASTWHERE WAS INSIDE,0.127651,/orcd/home/002/aimeeyu/mms_project/model_metamers_pytorch/results/av_grid_sweeps/iter500_step0p01_initnoise_gl32_seed0_eps1000p0/18_stim414_woman_speaking_orig_splits/18_stim414_woman_speaking_orig_01_04/metamer_audio.wav
18_stim414_woman_speaking_orig_splits,18_stim414_woman_speaking_orig_04_07.wav,INTO THE PRESENT WAS ING ITS DESTRUCTION TO BECOME,INTTHE PRESSEN WASING ITS DESTRUCTION TO BECOME A,0.092176,/orcd/home/002/aimeeyu/mms_project/model_metamers_pytorch/results/av_grid_sweeps/iter500_step0p01_initnoise_gl32_seed0_eps1000p0/18_stim414_woman_speaking_orig_splits/18_stim414_woman_speaking_orig_04_07/metamer_audio.wav
18_stim414_woman_speaking_orig_splits,18_stim414_woman_speaking_orig_07_10.wav,FRIME MOR HANGLESS THE A MURDER OF BIHUMANTS,OINESS THEMO WITH YOU WI,0.206737,/orcd/home/002/aimeeyu/mms_project/model_metamers_pytorch/results/av_grid_sweeps/iter500_step0p01_initnoise_gl32_seed0_eps1000p0/18_stim414_woman_speaking_orig_splits/18_stim414_woman_speaking_orig_07_10/metamer_audio.wav
19_stim418_writing_on_paper_orig_splits,19_stim418_writing_on_paper_orig_01_04.wav,THOU O,,0.058010,/orcd/home/002/aimeeyu/mms_project/model_metamers_pytorch/results/av_grid_sweeps/iter500_step0p01_initnoise_gl32_seed0_eps1000p0/19_stim418_writing_on_paper_orig_splits/19_stim418_writing_on_paper_orig_01_04/metamer_audio.wav
19_stim418_writing_on_paper_orig_splits,19_stim418_writing_on_paper_orig_04_07.wav,,,0.055259,/orcd/home/002/aimeeyu/mms_project/model_metamers_pytorch/results/av_grid_sweeps/iter500_step0p01_initnoise_gl32_seed0_eps1000p0/19_stim418_writing_on_paper_orig_splits/19_stim418_writing_on_paper_orig_04_07/metamer_audio.wav
19_stim418_writing_on_paper_orig_splits,19_stim418_writing_on_paper_orig_07_10.wav, THI,,0.053250,/orcd/home/002/aimeeyu/mms_project/model_metamers_pytorch/results/av_grid_sweeps/iter500_step0p01_initnoise_gl32_seed0_eps1000p0/19_stim418_writing_on_paper_orig_splits/19_stim418_writing_on_paper_orig_07_10/metamer_audio.wav
20_stim41_breathing_orig_splits,20_stim41_breathing_orig_01_04.wav,,,0.071942,/orcd/home/002/aimeeyu/mms_project/model_metamers_pytorch/results/av_grid_sweeps/iter500_step0p01_initnoise_gl32_seed0_eps1000p0/20_stim41_breathing_orig_splits/20_stim41_breathing_orig_01_04/metamer_audio.wav
20_stim41_breathing_orig_splits,20_stim41_breathing_orig_04_07.wav,,,0.086145,/orcd/home/002/aimeeyu/mms_project/model_metamers_pytorch/results/av_grid_sweeps/iter500_step0p01_initnoise_gl32_seed0_eps1000p0/20_stim41_breathing_orig_splits/20_stim41_breathing_orig_04_07/metamer_audio.wav
20_stim41_breathing_orig_splits,20_stim41_breathing_orig_07_10.wav,,,0.071281,/orcd/home/002/aimeeyu/mms_project/model_metamers_pytorch/results/av_grid_sweeps/iter500_step0p01_initnoise_gl32_seed0_eps1000p0/20_stim41_breathing_orig_splits/20_stim41_breathing_orig_07_10/metamer_audio.wav
21_stim461_latin_music_orig_splits,21_stim461_latin_music_orig_01_04.wav, HE H,  ,0.149551,/orcd/home/002/aimeeyu/mms_project/model_metamers_pytorch/results/av_grid_sweeps/iter500_step0p01_initnoise_gl32_seed0_eps1000p0/21_stim461_latin_music_orig_splits/21_stim461_latin_music_orig_01_04/metamer_audio.wav
21_stim461_latin_music_orig_splits,21_stim461_latin_music_orig_04_07.wav, ,III  ,0.171495,/orcd/home/002/aimeeyu/mms_project/model_metamers_pytorch/results/av_grid_sweeps/iter500_step0p01_initnoise_gl32_seed0_eps1000p0/21_stim461_latin_music_orig_splits/21_stim461_latin_music_orig_04_07/metamer_audio.wav
21_stim461_latin_music_orig_splits,21_stim461_latin_music_orig_07_10.wav,O, I,0.168677,/orcd/home/002/aimeeyu/mms_project/model_metamers_pytorch/results/av_grid_sweeps/iter500_step0p01_initnoise_gl32_seed0_eps1000p0/21_stim461_latin_music_orig_splits/21_stim461_latin_music_orig_07_10/metamer_audio.wav
22_stim501_spanish_orig_splits,22_stim501_spanish_orig_01_04.wav,FARST WAT HE'S HE PINGE SO BEFORL, YOU SE  HINGLE SE BE,0.116073,/orcd/home/002/aimeeyu/mms_project/model_metamers_pytorch/results/av_grid_sweeps/iter500_step0p01_initnoise_gl32_seed0_eps1000p0/22_stim501_spanish_orig_splits/22_stim501_spanish_orig_01_04/metamer_audio.wav
22_stim501_spanish_orig_splits,22_stim501_spanish_orig_04_07.wav,TISWEET PEOPOLE WIVE COM IN EGUSSING REGULAL OFFIC,WE CALL TE ONE GA  RA,0.150046,/orcd/home/002/aimeeyu/mms_project/model_metamers_pytorch/results/av_grid_sweeps/iter500_step0p01_initnoise_gl32_seed0_eps1000p0/22_stim501_spanish_orig_splits/22_stim501_spanish_orig_04_07/metamer_audio.wav
22_stim501_spanish_orig_splits,22_stim501_spanish_orig_07_10.wav,MAGNET EANDSEPLE THAN E DID BEPORE MARRIES,MA MDO BEOR,0.168267,/orcd/home/002/aimeeyu/mms_project/model_metamers_pytorch/results/av_grid_sweeps/iter500_step0p01_initnoise_gl32_seed0_eps1000p0/22_stim501_spanish_orig_splits/22_stim501_spanish_orig_07_10/metamer_audio.wav
23_stim502_french_orig_splits,23_stim502_french_orig_01_04.wav,WAS ON CES YOUOWIS,I  SEHO ALL YOUR WITE,0.160565,/orcd/home/002/aimeeyu/mms_project/model_metamers_pytorch/results/av_grid_sweeps/iter500_step0p01_initnoise_gl32_seed0_eps1000p0/23_stim502_french_orig_splits/23_stim502_french_orig_01_04/metamer_audio.wav
23_stim502_french_orig_splits,23_stim502_french_orig_04_07.wav,YOUR CORNEY SEOFF YOU TO SE SUCCESSS,YO COME TE CANTEN TO SISS YOUEER,0.114178,/orcd/home/002/aimeeyu/mms_project/model_metamers_pytorch/results/av_grid_sweeps/iter500_step0p01_initnoise_gl32_seed0_eps1000p0/23_stim502_french_orig_splits/23_stim502_french_orig_04_07/metamer_audio.wav
23_stim502_french_orig_splits,23_stim502_french_orig_07_10.wav, BARIED WHA PSYCHE WIL,  WA I GET WORRRIED TO,0.099528,/orcd/home/002/aimeeyu/mms_project/model_metamers_pytorch/results/av_grid_sweeps/iter500_step0p01_initnoise_gl32_seed0_eps1000p0/23_stim502_french_orig_splits/23_stim502_french_orig_07_10/metamer_audio.wav
24_stim503_italian_orig_splits,24_stim503_italian_orig_01_04.wav,YOU GET ASINON GABLEDIN RE,OUL H A E E,0.094905,/orcd/home/002/aimeeyu/mms_project/model_metamers_pytorch/results/av_grid_sweeps/iter500_step0p01_initnoise_gl32_seed0_eps1000p0/24_stim503_italian_orig_splits/24_stim503_italian_orig_01_04/metamer_audio.wav
24_stim503_italian_orig_splits,24_stim503_italian_orig_04_07.wav,IN NOU TRAIL LIGRETESINS IITS,,0.189093,/orcd/home/002/aimeeyu/mms_project/model_metamers_pytorch/results/av_grid_sweeps/iter500_step0p01_initnoise_gl32_seed0_eps1000p0/24_stim503_italian_orig_splits/24_stim503_italian_orig_04_07/metamer_audio.wav
24_stim503_italian_orig_splits,24_stim503_italian_orig_07_10.wav,IS PU I TOHT IKE IT S ESE YOU A,AS OO E  SEE YOU GUR,0.163476,/orcd/home/002/aimeeyu/mms_project/model_metamers_pytorch/results/av_grid_sweeps/iter500_step0p01_initnoise_gl32_seed0_eps1000p0/24_stim503_italian_orig_splits/24_stim503_italian_orig_07_10/metamer_audio.wav
25_stim504_german_orig_splits,25_stim504_german_orig_01_04.wav,NOUH BUIG A PATH IN TORTN MACHINE THAT'S CONET SINGER,I  OU Y MINDE OMEN N,0.193451,/orcd/home/002/aimeeyu/mms_project/model_metamers_pytorch/results/av_grid_sweeps/iter500_step0p01_initnoise_gl32_seed0_eps1000p0/25_stim504_german_orig_splits/25_stim504_german_orig_01_04/metamer_audio.wav
25_stim504_german_orig_splits,25_stim504_german_orig_04_07.wav,I NEED IS FI AM FON PU MAN, AM OR WILL R,0.213844,/orcd/home/002/aimeeyu/mms_project/model_metamers_pytorch/results/av_grid_sweeps/iter500_step0p01_initnoise_gl32_seed0_eps1000p0/25_stim504_german_orig_splits/25_stim504_german_orig_04_07/metamer_audio.wav
25_stim504_german_orig_splits,25_stim504_german_orig_07_10.wav,CISI UE DA SE IS ISION EGMENTS,,0.192998,/orcd/home/002/aimeeyu/mms_project/model_metamers_pytorch/results/av_grid_sweeps/iter500_step0p01_initnoise_gl32_seed0_eps1000p0/25_stim504_german_orig_splits/25_stim504_german_orig_07_10/metamer_audio.wav
26_stim506_hindi_orig_splits,26_stim506_hindi_orig_01_04.wav, WIH ASERGINN ME THINGLINDN B F,O WI GIS METE  O,0.198673,/orcd/home/002/aimeeyu/mms_project/model_metamers_pytorch/results/av_grid_sweeps/iter500_step0p01_initnoise_gl32_seed0_eps1000p0/26_stim506_hindi_orig_splits/26_stim506_hindi_orig_01_04/metamer_audio.wav
26_stim506_hindi_orig_splits,26_stim506_hindi_orig_04_07.wav,IN WAN ANYPUN UP WITH YE DOBAT, WIL   E,0.175877,/orcd/home/002/aimeeyu/mms_project/model_metamers_pytorch/results/av_grid_sweeps/iter500_step0p01_initnoise_gl32_seed0_eps1000p0/26_stim506_hindi_orig_splits/26_stim506_hindi_orig_04_07/metamer_audio.wav
26_stim506_hindi_orig_splits,26_stim506_hindi_orig_07_10.wav,A THEU WANT MINUTR ON O  THIN THE EGA,THE WOAN YO AN OTE ,0.114874,/orcd/home/002/aimeeyu/mms_project/model_metamers_pytorch/results/av_grid_sweeps/iter500_step0p01_initnoise_gl32_seed0_eps1000p0/26_stim506_hindi_orig_splits/26_stim506_hindi_orig_07_10/metamer_audio.wav
27_stim508_russian_orig_splits,27_stim508_russian_orig_01_04.wav,BHUIN NEUR WARSH WAS THOWHERE THEY WILL FINT,I END KNOW WATSHA WAS NO FIN OU,0.174440,/orcd/home/002/aimeeyu/mms_project/model_metamers_pytorch/results/av_grid_sweeps/iter500_step0p01_initnoise_gl32_seed0_eps1000p0/27_stim508_russian_orig_splits/27_stim508_russian_orig_01_04/metamer_audio.wav
27_stim508_russian_orig_splits,27_stim508_russian_orig_04_07.wav,WAI YOUR PODY WHAT SHE WEATS WASE, I  E  ,0.170857,/orcd/home/002/aimeeyu/mms_project/model_metamers_pytorch/results/av_grid_sweeps/iter500_step0p01_initnoise_gl32_seed0_eps1000p0/27_stim508_russian_orig_splits/27_stim508_russian_orig_04_07/metamer_audio.wav
27_stim508_russian_orig_splits,27_stim508_russian_orig_07_10.wav,I NEED HIBOBRY NEEDS UP MY ,O ME ,0.161953,/orcd/home/002/aimeeyu/mms_project/model_metamers_pytorch/results/av_grid_sweeps/iter500_step0p01_initnoise_gl32_seed0_eps1000p0/27_stim508_russian_orig_splits/27_stim508_russian_orig_07_10/metamer_audio.wav
28_stim512_heart_beat_orig_splits,28_stim512_heart_beat_orig_01_04.wav,,  WS IN I,0.046242,/orcd/home/002/aimeeyu/mms_project/model_metamers_pytorch/results/av_grid_sweeps/iter500_step0p01_initnoise_gl32_seed0_eps1000p0/28_stim512_heart_beat_orig_splits/28_stim512_heart_beat_orig_01_04/metamer_audio.wav
28_stim512_heart_beat_orig_splits,28_stim512_heart_beat_orig_04_07.wav,,A ,0.045028,/orcd/home/002/aimeeyu/mms_project/model_metamers_pytorch/results/av_grid_sweeps/iter500_step0p01_initnoise_gl32_seed0_eps1000p0/28_stim512_heart_beat_orig_splits/28_stim512_heart_beat_orig_04_07/metamer_audio.wav
28_stim512_heart_beat_orig_splits,28_stim512_heart_beat_orig_07_10.wav,,I,0.041049,/orcd/home/002/aimeeyu/mms_project/model_metamers_pytorch/results/av_grid_sweeps/iter500_step0p01_initnoise_gl32_seed0_eps1000p0/28_stim512_heart_beat_orig_splits/28_stim512_heart_beat_orig_07_10/metamer_audio.wav
29_stim72_cello_orig_splits,29_stim72_cello_orig_01_04.wav,OU OU O KNO NOW,I I ,0.105798,/orcd/home/002/aimeeyu/mms_project/model_metamers_pytorch/results/av_grid_sweeps/iter500_step0p01_initnoise_gl32_seed0_eps1000p0/29_stim72_cello_orig_splits/29_stim72_cello_orig_01_04/metamer_audio.wav
29_stim72_cello_orig_splits,29_stim72_cello_orig_04_07.wav, KNOU KNOW,,0.134547,/orcd/home/002/aimeeyu/mms_project/model_metamers_pytorch/results/av_grid_sweeps/iter500_step0p01_initnoise_gl32_seed0_eps1000p0/29_stim72_cello_orig_splits/29_stim72_cello_orig_04_07/metamer_audio.wav
29_stim72_cello_orig_splits,29_stim72_cello_orig_07_10.wav, I TO THO OO, I TELL TE,0.129833,/orcd/home/002/aimeeyu/mms_project/model_metamers_pytorch/results/av_grid_sweeps/iter500_step0p01_initnoise_gl32_seed0_eps1000p0/29_stim72_cello_orig_splits/29_stim72_cello_orig_07_10/metamer_audio.wav
30_stim78_chimes_in_the_wind_orig_splits,30_stim78_chimes_in_the_wind_orig_01_04.wav, HIT  T SI,EE HO THE TH,0.096404,/orcd/home/002/aimeeyu/mms_project/model_metamers_pytorch/results/av_grid_sweeps/iter500_step0p01_initnoise_gl32_seed0_eps1000p0/30_stim78_chimes_in_the_wind_orig_splits/30_stim78_chimes_in_the_wind_orig_01_04/metamer_audio.wav
30_stim78_chimes_in_the_wind_orig_splits,30_stim78_chimes_in_the_wind_orig_04_07.wav,THO, I,0.163160,/orcd/home/002/aimeeyu/mms_project/model_metamers_pytorch/results/av_grid_sweeps/iter500_step0p01_initnoise_gl32_seed0_eps1000p0/30_stim78_chimes_in_the_wind_orig_splits/30_stim78_chimes_in_the_wind_orig_04_07/metamer_audio.wav
30_stim78_chimes_in_the_wind_orig_splits,30_stim78_chimes_in_the_wind_orig_07_10.wav,A HA,,0.156761,/orcd/home/002/aimeeyu/mms_project/model_metamers_pytorch/results/av_grid_sweeps/iter500_step0p01_initnoise_gl32_seed0_eps1000p0/30_stim78_chimes_in_the_wind_orig_splits/30_stim78_chimes_in_the_wind_orig_07_10/metamer_audio.wav
31_stim80_chopping_food_orig_splits,31_stim80_chopping_food_orig_01_04.wav,,O,0.026973,/orcd/home/002/aimeeyu/mms_project/model_metamers_pytorch/results/av_grid_sweeps/iter500_step0p01_initnoise_gl32_seed0_eps1000p0/31_stim80_chopping_food_orig_splits/31_stim80_chopping_food_orig_01_04/metamer_audio.wav
31_stim80_chopping_food_orig_splits,31_stim80_chopping_food_orig_04_07.wav,, WIN TIE NO,0.043335,/orcd/home/002/aimeeyu/mms_project/model_metamers_pytorch/results/av_grid_sweeps/iter500_step0p01_initnoise_gl32_seed0_eps1000p0/31_stim80_chopping_food_orig_splits/31_stim80_chopping_food_orig_04_07/metamer_audio.wav
31_stim80_chopping_food_orig_splits,31_stim80_chopping_food_orig_07_10.wav,,,0.037772,/orcd/home/002/aimeeyu/mms_project/model_metamers_pytorch/results/av_grid_sweeps/iter500_step0p01_initnoise_gl32_seed0_eps1000p0/31_stim80_chopping_food_orig_splits/31_stim80_chopping_food_orig_07_10/metamer_audio.wav
32_stim83_cicadas_orig_splits,32_stim83_cicadas_orig_01_04.wav,STRS,,0.226219,/orcd/home/002/aimeeyu/mms_project/model_metamers_pytorch/results/av_grid_sweeps/iter500_step0p01_initnoise_gl32_seed0_eps1000p0/32_stim83_cicadas_orig_splits/32_stim83_cicadas_orig_01_04/metamer_audio.wav
32_stim83_cicadas_orig_splits,32_stim83_cicadas_orig_04_07.wav,STER, I I,0.140862,/orcd/home/002/aimeeyu/mms_project/model_metamers_pytorch/results/av_grid_sweeps/iter500_step0p01_initnoise_gl32_seed0_eps1000p0/32_stim83_cicadas_orig_splits/32_stim83_cicadas_orig_04_07/metamer_audio.wav
32_stim83_cicadas_orig_splits,32_stim83_cicadas_orig_07_10.wav,,   ,0.182219,/orcd/home/002/aimeeyu/mms_project/model_metamers_pytorch/results/av_grid_sweeps/iter500_step0p01_initnoise_gl32_seed0_eps1000p0/32_stim83_cicadas_orig_splits/32_stim83_cicadas_orig_07_10/metamer_audio.wav
33_stim86_clock_ticking_orig_splits,33_stim86_clock_ticking_orig_01_04.wav,,,0.059846,/orcd/home/002/aimeeyu/mms_project/model_metamers_pytorch/results/av_grid_sweeps/iter500_step0p01_initnoise_gl32_seed0_eps1000p0/33_stim86_clock_ticking_orig_splits/33_stim86_clock_ticking_orig_01_04/metamer_audio.wav
33_stim86_clock_ticking_orig_splits,33_stim86_clock_ticking_orig_04_07.wav,,,0.054129,/orcd/home/002/aimeeyu/mms_project/model_metamers_pytorch/results/av_grid_sweeps/iter500_step0p01_initnoise_gl32_seed0_eps1000p0/33_stim86_clock_ticking_orig_splits/33_stim86_clock_ticking_orig_04_07/metamer_audio.wav
33_stim86_clock_ticking_orig_splits,33_stim86_clock_ticking_orig_07_10.wav,,,0.056004,/orcd/home/002/aimeeyu/mms_project/model_metamers_pytorch/results/av_grid_sweeps/iter500_step0p01_initnoise_gl32_seed0_eps1000p0/33_stim86_clock_ticking_orig_splits/33_stim86_clock_ticking_orig_07_10/metamer_audio.wav
34_stim92_country_song_orig_splits,34_stim92_country_song_orig_01_04.wav,THATS ERE'SOE IR SOLRA,A,0.196041,/orcd/home/002/aimeeyu/mms_project/model_metamers_pytorch/results/av_grid_sweeps/iter500_step0p01_initnoise_gl32_seed0_eps1000p0/34_stim92_country_song_orig_splits/34_stim92_country_song_orig_01_04/metamer_audio.wav
34_stim92_country_song_orig_splits,34_stim92_country_song_orig_04_07.wav,O MOR ITS A MON,,0.210322,/orcd/home/002/aimeeyu/mms_project/model_metamers_pytorch/results/av_grid_sweeps/iter500_step0p01_initnoise_gl32_seed0_eps1000p0/34_stim92_country_song_orig_splits/34_stim92_country_song_orig_04_07/metamer_audio.wav
34_stim92_country_song_orig_splits,34_stim92_country_song_orig_07_10.wav,E BEEN THE PAN NOWHERE FOR, WA OAT WILE,0.164312,/orcd/home/002/aimeeyu/mms_project/model_metamers_pytorch/results/av_grid_sweeps/iter500_step0p01_initnoise_gl32_seed0_eps1000p0/34_stim92_country_song_orig_splits/34_stim92_country_song_orig_07_10/metamer_audio.wav
35_stim97_crickets_orig_splits,35_stim97_crickets_orig_01_04.wav,O,,0.201692,/orcd/home/002/aimeeyu/mms_project/model_metamers_pytorch/results/av_grid_sweeps/iter500_step0p01_initnoise_gl32_seed0_eps1000p0/35_stim97_crickets_orig_splits/35_stim97_crickets_orig_01_04/metamer_audio.wav
35_stim97_crickets_orig_splits,35_stim97_crickets_orig_04_07.wav,O,,0.201439,/orcd/home/002/aimeeyu/mms_project/model_metamers_pytorch/results/av_grid_sweeps/iter500_step0p01_initnoise_gl32_seed0_eps1000p0/35_stim97_crickets_orig_splits/35_stim97_crickets_orig_04_07/metamer_audio.wav
35_stim97_crickets_orig_splits,35_stim97_crickets_orig_07_10.wav,O,,0.177866,/orcd/home/002/aimeeyu/mms_project/model_metamers_pytorch/results/av_grid_sweeps/iter500_step0p01_initnoise_gl32_seed0_eps1000p0/35_stim97_crickets_orig_splits/35_stim97_crickets_orig_07_10/metamer_audio.wav
36_stim999_jazz_drums_orig_splits,36_stim999_jazz_drums_orig_01_04.wav, OOOOOO,,0.155564,/orcd/home/002/aimeeyu/mms_project/model_metamers_pytorch/results/av_grid_sweeps/iter500_step0p01_initnoise_gl32_seed0_eps1000p0/36_stim999_jazz_drums_orig_splits/36_stim999_jazz_drums_orig_01_04/metamer_audio.wav
36_stim999_jazz_drums_orig_splits,36_stim999_jazz_drums_orig_04_07.wav,  O HO OO,,0.149869,/orcd/home/002/aimeeyu/mms_project/model_metamers_pytorch/results/av_grid_sweeps/iter500_step0p01_initnoise_gl32_seed0_eps1000p0/36_stim999_jazz_drums_orig_splits/36_stim999_jazz_drums_orig_04_07/metamer_audio.wav
36_stim999_jazz_drums_orig_splits,36_stim999_jazz_drums_orig_07_10.wav,O,,0.130936,/orcd/home/002/aimeeyu/mms_project/model_metamers_pytorch/results/av_grid_sweeps/iter500_step0p01_initnoise_gl32_seed0_eps1000p0/36_stim999_jazz_drums_orig_splits/36_stim999_jazz_drums_orig_07_10/metamer_audio.wav
37_stim998_saxophone_solo_orig_splits,37_stim998_saxophone_solo_orig_01_04.wav,THO,,0.122493,/orcd/home/002/aimeeyu/mms_project/model_metamers_pytorch/results/av_grid_sweeps/iter500_step0p01_initnoise_gl32_seed0_eps1000p0/37_stim998_saxophone_solo_orig_splits/37_stim998_saxophone_solo_orig_01_04/metamer_audio.wav
37_stim998_saxophone_solo_orig_splits,37_stim998_saxophone_solo_orig_04_07.wav,,,0.136447,/orcd/home/002/aimeeyu/mms_project/model_metamers_pytorch/results/av_grid_sweeps/iter500_step0p01_initnoise_gl32_seed0_eps1000p0/37_stim998_saxophone_solo_orig_splits/37_stim998_saxophone_solo_orig_04_07/metamer_audio.wav
37_stim998_saxophone_solo_orig_splits,37_stim998_saxophone_solo_orig_07_10.wav, THA THAR THA, I,0.129786,/orcd/home/002/aimeeyu/mms_project/model_metamers_pytorch/results/av_grid_sweeps/iter500_step0p01_initnoise_gl32_seed0_eps1000p0/37_stim998_saxophone_solo_orig_splits/37_stim998_saxophone_solo_orig_07_10/metamer_audio.wav
38_stim997_acoustic_guitar_orig_splits,38_stim997_acoustic_guitar_orig_01_04.wav,YOE HAVE O, I I,0.180412,/orcd/home/002/aimeeyu/mms_project/model_metamers_pytorch/results/av_grid_sweeps/iter500_step0p01_initnoise_gl32_seed0_eps1000p0/38_stim997_acoustic_guitar_orig_splits/38_stim997_acoustic_guitar_orig_01_04/metamer_audio.wav
38_stim997_acoustic_guitar_orig_splits,38_stim997_acoustic_guitar_orig_04_07.wav,TA  THOW, THI,0.176474,/orcd/home/002/aimeeyu/mms_project/model_metamers_pytorch/results/av_grid_sweeps/iter500_step0p01_initnoise_gl32_seed0_eps1000p0/38_stim997_acoustic_guitar_orig_splits/38_stim997_acoustic_guitar_orig_04_07/metamer_audio.wav
38_stim997_acoustic_guitar_orig_splits,38_stim997_acoustic_guitar_orig_07_10.wav, ON O E, II  ,0.177547,/orcd/home/002/aimeeyu/mms_project/model_metamers_pytorch/results/av_grid_sweeps/iter500_step0p01_initnoise_gl32_seed0_eps1000p0/38_stim997_acoustic_guitar_orig_splits/38_stim997_acoustic_guitar_orig_07_10/metamer_audio.wav
39_stim996_spanish_vocal_orig_splits,39_stim996_spanish_vocal_orig_01_04.wav,E THI , ,0.197029,/orcd/home/002/aimeeyu/mms_project/model_metamers_pytorch/results/av_grid_sweeps/iter500_step0p01_initnoise_gl32_seed0_eps1000p0/39_stim996_spanish_vocal_orig_splits/39_stim996_spanish_vocal_orig_01_04/metamer_audio.wav
39_stim996_spanish_vocal_orig_splits,39_stim996_spanish_vocal_orig_04_07.wav,DON'T NEE FOR, O E ,0.181432,/orcd/home/002/aimeeyu/mms_project/model_metamers_pytorch/results/av_grid_sweeps/iter500_step0p01_initnoise_gl32_seed0_eps1000p0/39_stim996_spanish_vocal_orig_splits/39_stim996_spanish_vocal_orig_04_07/metamer_audio.wav
39_stim996_spanish_vocal_orig_splits,39_stim996_spanish_vocal_orig_07_10.wav,WIN A SIN DOWN  ME,WI NE AN   A,0.191141,/orcd/home/002/aimeeyu/mms_project/model_metamers_pytorch/results/av_grid_sweeps/iter500_step0p01_initnoise_gl32_seed0_eps1000p0/39_stim996_spanish_vocal_orig_splits/39_stim996_spanish_vocal_orig_07_10/metamer_audio.wav
40_stim995_rap_music_orig_splits,40_stim995_rap_music_orig_01_04.wav, BIT OF FREE STARS TAN MI GETHER, WIS TA T GEE,0.104592,/orcd/home/002/aimeeyu/mms_project/model_metamers_pytorch/results/av_grid_sweeps/iter500_step0p01_initnoise_gl32_seed0_eps1000p0/40_stim995_rap_music_orig_splits/40_stim995_rap_music_orig_01_04/metamer_audio.wav
40_stim995_rap_music_orig_splits,40_stim995_rap_music_orig_04_07.wav,WEGET TO WAN A GAO AN  WAS, I DON'T NOW WHAT WOR,0.124483,/orcd/home/002/aimeeyu/mms_project/model_metamers_pytorch/results/av_grid_sweeps/iter500_step0p01_initnoise_gl32_seed0_eps1000p0/40_stim995_rap_music_orig_splits/40_stim995_rap_music_orig_04_07/metamer_audio.wav
40_stim995_rap_music_orig_splits,40_stim995_rap_music_orig_07_10.wav,THEY'LL BE THE COLES IS NO DAY YOUNG I,TERE I IE DAY YOUNG AGA,0.140397,/orcd/home/002/aimeeyu/mms_project/model_metamers_pytorch/results/av_grid_sweeps/iter500_step0p01_initnoise_gl32_seed0_eps1000p0/40_stim995_rap_music_orig_splits/40_stim995_rap_music_orig_07_10/metamer_audio.wav
41_stim994_english_vocal_orig_splits,41_stim994_english_vocal_orig_01_04.wav,TOQLERMENTINE IN SAING OALL ME,YOUN WE MENTIE  SA ,0.105479,/orcd/home/002/aimeeyu/mms_project/model_metamers_pytorch/results/av_grid_sweeps/iter500_step0p01_initnoise_gl32_seed0_eps1000p0/41_stim994_english_vocal_orig_splits/41_stim994_english_vocal_orig_01_04/metamer_audio.wav
41_stim994_english_vocal_orig_splits,41_stim994_english_vocal_orig_04_07.wav,E MORE ALL THE ACCESSS, O  A I ES WI,0.178367,/orcd/home/002/aimeeyu/mms_project/model_metamers_pytorch/results/av_grid_sweeps/iter500_step0p01_initnoise_gl32_seed0_eps1000p0/41_stim994_english_vocal_orig_splits/41_stim994_english_vocal_orig_04_07/metamer_audio.wav
41_stim994_english_vocal_orig_splits,41_stim994_english_vocal_orig_07_10.wav,YEHARL FOR ME,YOU'R FOR ME,0.138135,/orcd/home/002/aimeeyu/mms_project/model_metamers_pytorch/results/av_grid_sweeps/iter500_step0p01_initnoise_gl32_seed0_eps1000p0/41_stim994_english_vocal_orig_splits/41_stim994_english_vocal_orig_07_10/metamer_audio.wav
